epoch,time,train/box_loss,train/cls_loss,train/dfl_loss,metrics/precision(B),metrics/recall(B),metrics/mAP50(B),metrics/mAP50-95(B),val/box_loss,val/cls_loss,val/dfl_loss,lr/pg0,lr/pg1,lr/pg2
1,274.494,1.4461,3.12433,1.681,0.36618,0.4404,0.35464,0.17714,1.74077,2.33538,1.69365,0.0668419,9.97738e-05,9.97738e-05
2,551.31,1.41418,2.38317,1.6524,0.37295,0.4888,0.43561,0.2663,1.4828,2.08446,1.57174,0.033608,0.000199209,0.000199209
3,827.006,1.40618,2.17737,1.66453,0.56985,0.57255,0.62313,0.3852,1.37503,1.6867,1.50802,0.000373493,0.000298078,0.000298078
4,1100.96,1.36988,2.038,1.64176,0.62497,0.63967,0.67691,0.40095,1.49,1.50935,1.52886,0.000297454,0.000297454,0.000297454
5,1377.71,1.33902,1.87445,1.61109,0.65592,0.72877,0.78862,0.51551,1.22723,1.23867,1.40855,0.000296606,0.000296606,0.000296606
6,1652.33,1.30268,1.75511,1.58037,0.79234,0.7437,0.83683,0.49579,1.46271,1.07248,1.46658,0.000295757,0.000295757,0.000295757
7,1925.59,1.2759,1.66844,1.56239,0.76925,0.75495,0.83604,0.58167,1.10555,1.02672,1.28464,0.000294909,0.000294909,0.000294909
8,2200.04,1.25969,1.59364,1.55288,0.76794,0.80699,0.84502,0.5984,1.12378,0.96455,1.29188,0.00029406,0.00029406,0.00029406
9,2474.51,1.22956,1.51497,1.51802,0.78369,0.82797,0.86818,0.59526,1.15059,0.88457,1.28529,0.000293211,0.000293211,0.000293211
10,2749.08,1.22033,1.47825,1.5135,0.83679,0.82561,0.89809,0.62525,1.12014,0.80685,1.26093,0.000292363,0.000292363,0.000292363
11,3024.43,1.19945,1.42662,1.5015,0.82157,0.85035,0.90171,0.63816,1.08219,0.82053,1.24119,0.000291514,0.000291514,0.000291514
12,3299.63,1.18173,1.37531,1.48061,0.83677,0.83398,0.9046,0.68122,0.95374,0.76528,1.16566,0.000290666,0.000290666,0.000290666
13,3573.61,1.18335,1.3729,1.48228,0.83448,0.89904,0.92329,0.70861,0.90161,0.69148,1.16332,0.000289817,0.000289817,0.000289817
14,3848.04,1.16577,1.31653,1.47044,0.86567,0.87063,0.93532,0.7224,0.8773,0.65016,1.13232,0.000288969,0.000288969,0.000288969
15,4127.56,1.1669,1.30476,1.47072,0.87785,0.86849,0.93158,0.69851,0.94176,0.66616,1.15744,0.00028812,0.00028812,0.00028812
16,4400.11,1.15362,1.2607,1.45647,0.88407,0.87553,0.93029,0.691,0.99012,0.66334,1.17724,0.000287271,0.000287271,0.000287271
17,4673.71,1.14023,1.23913,1.45388,0.87554,0.86605,0.92782,0.72876,0.84792,0.65539,1.12103,0.000286423,0.000286423,0.000286423
18,4949.61,1.13296,1.20647,1.4437,0.88888,0.89853,0.94264,0.72914,0.87569,0.60735,1.12236,0.000285574,0.000285574,0.000285574
19,5224.43,1.12581,1.20672,1.44203,0.89491,0.90423,0.95054,0.735,0.90157,0.58191,1.12996,0.000284726,0.000284726,0.000284726
20,5498.01,1.11912,1.17141,1.43064,0.87752,0.92155,0.94504,0.75629,0.80019,0.56544,1.08304,0.000283877,0.000283877,0.000283877
21,5778.76,1.11206,1.17011,1.43178,0.90467,0.89672,0.94791,0.71494,0.96014,0.59211,1.14071,0.000283029,0.000283029,0.000283029
22,255.365,1.09877,1.14978,1.42162,0.90861,0.9022,0.95323,0.71623,0.97265,0.59021,1.16974,0.00028218,0.00028218,0.00028218
23,515.602,1.09581,1.13235,1.41462,0.89887,0.91221,0.96016,0.76302,0.80692,0.53943,1.0836,0.000281331,0.000281331,0.000281331
24,779.664,1.09411,1.11705,1.41264,0.93403,0.89933,0.95814,0.72143,0.9609,0.5545,1.14042,0.000280483,0.000280483,0.000280483
25,1038.36,1.0793,1.08895,1.40136,0.89954,0.90787,0.95484,0.76299,0.79504,0.52794,1.08601,0.000279634,0.000279634,0.000279634
26,1296.69,1.07166,1.08732,1.39721,0.92006,0.91579,0.95947,0.79061,0.7391,0.49653,1.06707,0.000278786,0.000278786,0.000278786
27,1555.58,1.06564,1.05926,1.38818,0.89162,0.921,0.95427,0.75512,0.83609,0.53465,1.10078,0.000277937,0.000277937,0.000277937
28,1813.83,1.06294,1.06383,1.39114,0.91531,0.91939,0.95761,0.76527,0.80622,0.51107,1.09026,0.000277089,0.000277089,0.000277089
29,2071.52,1.05248,1.04263,1.38573,0.91736,0.92406,0.9646,0.77182,0.80906,0.48546,1.07284,0.00027624,0.00027624,0.00027624
30,2329.44,1.03754,1.01891,1.36679,0.92774,0.92362,0.96533,0.78416,0.75275,0.47975,1.05264,0.000275391,0.000275391,0.000275391
31,2586.75,1.04513,1.03029,1.37577,0.9399,0.90767,0.96236,0.7731,0.79136,0.48175,1.06827,0.000274543,0.000274543,0.000274543
32,2844.54,1.03296,1.01784,1.37205,0.91577,0.92571,0.96252,0.76611,0.82606,0.50185,1.09011,0.000273694,0.000273694,0.000273694
33,3103.79,1.0248,0.98608,1.3502,0.91546,0.94431,0.96855,0.74612,0.90624,0.49526,1.10748,0.000272846,0.000272846,0.000272846
34,3362.73,1.02407,1.0051,1.35967,0.9234,0.93223,0.96653,0.78674,0.76039,0.46413,1.05457,0.000271997,0.000271997,0.000271997
35,3622.29,1.01536,0.97663,1.35112,0.94285,0.93146,0.97146,0.77647,0.82738,0.4556,1.07528,0.000271149,0.000271149,0.000271149
36,3882.06,1.01805,0.98027,1.35796,0.91708,0.93072,0.96625,0.77535,0.79872,0.46841,1.05889,0.0002703,0.0002703,0.0002703
37,4140.37,1.0105,0.95821,1.34682,0.92097,0.92403,0.96107,0.78712,0.75753,0.46554,1.0492,0.000269451,0.000269451,0.000269451
38,4399.47,1.00137,0.94187,1.34043,0.93886,0.91396,0.96206,0.79485,0.73789,0.46259,1.03951,0.000268603,0.000268603,0.000268603
39,4659.35,0.99914,0.93507,1.33582,0.93233,0.93533,0.96752,0.77209,0.80129,0.44917,1.06175,0.000267754,0.000267754,0.000267754
40,4917.66,0.99388,0.93093,1.33706,0.93167,0.93803,0.9671,0.77452,0.80796,0.45851,1.0595,0.000266906,0.000266906,0.000266906
41,5175.87,0.99572,0.92342,1.33059,0.92649,0.9236,0.96711,0.78504,0.77155,0.45592,1.04059,0.000266057,0.000266057,0.000266057
42,5432.9,0.98313,0.92002,1.33186,0.9197,0.92366,0.96127,0.78936,0.74685,0.4491,1.04517,0.000265209,0.000265209,0.000265209
43,5689.36,0.99466,0.92239,1.33231,0.93803,0.94446,0.97095,0.78815,0.77419,0.42936,1.04406,0.00026436,0.00026436,0.00026436
44,5947.4,1.00809,0.95916,1.34941,0.93871,0.92511,0.96953,0.77948,0.79169,0.44515,1.05415,0.000263511,0.000263511,0.000263511
45,6205.94,0.99459,0.93449,1.33666,0.93119,0.93935,0.97009,0.77747,0.79574,0.43764,1.05118,0.000262663,0.000262663,0.000262663
46,6463.97,0.9896,0.92521,1.33663,0.94886,0.92887,0.97354,0.79627,0.75525,0.42403,1.04414,0.000261814,0.000261814,0.000261814
47,6723.33,0.98481,0.92292,1.33116,0.94445,0.93522,0.97063,0.81191,0.70051,0.41269,1.02299,0.000260966,0.000260966,0.000260966
48,6982.34,0.98495,0.90354,1.33077,0.93613,0.93281,0.96845,0.80022,0.72436,0.42245,1.03221,0.000260117,0.000260117,0.000260117
49,7240.31,0.98117,0.90704,1.32631,0.94191,0.94649,0.97331,0.80711,0.72089,0.40518,1.01554,0.000259269,0.000259269,0.000259269
50,7498.22,0.97532,0.89861,1.32219,0.9458,0.93906,0.97245,0.80229,0.73842,0.4078,1.02722,0.00025842,0.00025842,0.00025842
51,7755.14,0.96854,0.88537,1.31696,0.93986,0.9438,0.97087,0.81536,0.69818,0.40333,1.01676,0.000257571,0.000257571,0.000257571
52,8012.92,0.96492,0.88213,1.31746,0.95166,0.94114,0.97306,0.8285,0.65277,0.38687,0.99366,0.000256723,0.000256723,0.000256723
53,8270.96,0.95542,0.85594,1.30305,0.94581,0.9416,0.97704,0.82767,0.67917,0.38536,0.99839,0.000255874,0.000255874,0.000255874
54,8528.31,0.96844,0.8769,1.31182,0.94354,0.93892,0.97223,0.81152,0.70932,0.40449,1.00846,0.000255026,0.000255026,0.000255026
55,8786.9,0.95817,0.88131,1.30467,0.94962,0.93993,0.9759,0.81435,0.70418,0.38516,1.00269,0.000254177,0.000254177,0.000254177
56,9044.77,0.94909,0.86509,1.30189,0.94597,0.94492,0.97349,0.82647,0.66224,0.38607,1.00197,0.000253329,0.000253329,0.000253329
57,9301.84,0.94158,0.85473,1.29359,0.95213,0.945,0.97426,0.82713,0.66525,0.38152,0.99357,0.00025248,0.00025248,0.00025248
58,9558.92,0.94922,0.86939,1.30369,0.93877,0.95404,0.97508,0.83062,0.64525,0.38084,0.99503,0.000251631,0.000251631,0.000251631
59,9816.77,0.94452,0.8432,1.30351,0.94245,0.95104,0.97047,0.81685,0.69139,0.38685,1.01087,0.000250783,0.000250783,0.000250783
60,10074.5,0.9414,0.84906,1.29427,0.94744,0.95982,0.9785,0.82639,0.67348,0.37245,0.99914,0.000249934,0.000249934,0.000249934
61,10331.8,0.93802,0.83283,1.29238,0.94275,0.95027,0.9759,0.83089,0.65695,0.36665,0.98947,0.000249086,0.000249086,0.000249086
62,10589.6,0.93706,0.83911,1.29207,0.94656,0.95011,0.97691,0.83366,0.65496,0.36812,1.0001,0.000248237,0.000248237,0.000248237
63,10848.2,0.93122,0.82333,1.29196,0.95059,0.94,0.9741,0.83774,0.63503,0.36985,0.98389,0.000247389,0.000247389,0.000247389
64,11106.2,0.92945,0.82708,1.28652,0.94596,0.94241,0.977,0.83487,0.65407,0.36318,0.99409,0.00024654,0.00024654,0.00024654
65,265.812,0.91611,0.79992,1.28203,0.94786,0.94337,0.97646,0.83945,0.63741,0.37159,0.98419,0.000245691,0.000245691,0.000245691
66,545.399,0.92181,0.8113,1.28098,0.95311,0.94071,0.97584,0.83376,0.63913,0.36774,0.99342,0.000244843,0.000244843,0.000244843
67,818.409,0.92124,0.8129,1.2867,0.95366,0.94306,0.97693,0.83794,0.63437,0.36836,1.00033,0.000243994,0.000243994,0.000243994
68,1089.88,0.90898,0.80253,1.27589,0.94198,0.94915,0.97635,0.83975,0.63258,0.36466,0.9844,0.000243146,0.000243146,0.000243146
69,1367.63,0.90819,0.79587,1.27339,0.9502,0.95134,0.97681,0.84297,0.6211,0.36125,0.97513,0.000242297,0.000242297,0.000242297
70,1640.73,0.90008,0.78132,1.2663,0.94964,0.93526,0.97592,0.84672,0.60792,0.36361,0.98177,0.000241449,0.000241449,0.000241449
71,1915.86,0.89843,0.79166,1.27091,0.9526,0.94231,0.97643,0.84016,0.62977,0.35998,0.98884,0.0002406,0.0002406,0.0002406
72,2187.74,0.90044,0.79685,1.2746,0.94448,0.95019,0.97744,0.8425,0.61415,0.35024,0.97933,0.000239751,0.000239751,0.000239751
73,2460.04,0.88573,0.77294,1.25481,0.95586,0.93663,0.97561,0.83757,0.63099,0.35952,0.98232,0.000238903,0.000238903,0.000238903
74,2733.3,0.89528,0.77696,1.26345,0.95799,0.94522,0.97792,0.84701,0.61363,0.34484,0.97282,0.000238054,0.000238054,0.000238054
75,3006.27,0.88744,0.77343,1.26123,0.95449,0.95234,0.97835,0.84578,0.61566,0.34393,0.97969,0.000237206,0.000237206,0.000237206
76,3278.66,0.8854,0.75649,1.24504,0.95367,0.94122,0.97754,0.8384,0.63557,0.353,0.97302,0.000236357,0.000236357,0.000236357
77,3551.22,0.88354,0.77,1.2552,0.94834,0.94303,0.97716,0.84582,0.60842,0.34681,0.97126,0.000235509,0.000235509,0.000235509
78,3823.03,0.87702,0.75217,1.24608,0.96109,0.94526,0.9785,0.85169,0.60149,0.33854,0.97288,0.00023466,0.00023466,0.00023466
79,4096.7,0.88287,0.7591,1.25453,0.95526,0.94672,0.97797,0.85067,0.59402,0.34273,0.96624,0.000233811,0.000233811,0.000233811
80,4369.3,0.87563,0.74337,1.24693,0.94693,0.95717,0.97674,0.84781,0.59642,0.34049,0.96927,0.000232963,0.000232963,0.000232963
81,4641.48,0.87225,0.74058,1.24751,0.95302,0.9419,0.97626,0.84896,0.60136,0.34606,0.97704,0.000232114,0.000232114,0.000232114
82,4913.1,0.86871,0.73736,1.24056,0.95646,0.93658,0.97564,0.84763,0.6053,0.34383,0.9773,0.000231266,0.000231266,0.000231266
83,5185.12,0.86979,0.74041,1.2431,0.9583,0.93274,0.978,0.84822,0.59649,0.34069,0.97151,0.000230417,0.000230417,0.000230417
84,5457.39,0.86974,0.73446,1.24146,0.94982,0.95018,0.97947,0.84894,0.59986,0.33779,0.97312,0.000229569,0.000229569,0.000229569
85,5729.29,0.86344,0.73409,1.23921,0.93401,0.96133,0.97855,0.84939,0.60751,0.34526,0.97328,0.00022872,0.00022872,0.00022872
86,6000.01,0.85954,0.72293,1.23399,0.95522,0.94524,0.97888,0.85344,0.59622,0.33558,0.96987,0.000227871,0.000227871,0.000227871
87,6275.38,0.87198,0.74273,1.25046,0.95318,0.95546,0.97899,0.85115,0.60236,0.33599,0.97684,0.000227023,0.000227023,0.000227023
88,6546.64,0.86391,0.73515,1.24252,0.94311,0.96161,0.98012,0.85385,0.60379,0.33293,0.97652,0.000226174,0.000226174,0.000226174
89,6818.72,0.85381,0.73017,1.23535,0.95154,0.96331,0.98112,0.85529,0.60361,0.32561,0.97679,0.000225326,0.000225326,0.000225326
90,7096.6,0.85577,0.72621,1.23528,0.95323,0.95798,0.98036,0.85732,0.59664,0.32387,0.96795,0.000224477,0.000224477,0.000224477
91,7370.58,0.85089,0.7179,1.22499,0.9669,0.9549,0.98118,0.85788,0.58943,0.31971,0.96734,0.000223629,0.000223629,0.000223629
92,7645.57,0.84855,0.71834,1.22679,0.96318,0.94571,0.98002,0.85831,0.58275,0.3247,0.96189,0.00022278,0.00022278,0.00022278
93,7919.4,0.84628,0.72087,1.22984,0.95895,0.9468,0.97936,0.86293,0.56721,0.32183,0.95688,0.000221931,0.000221931,0.000221931
94,8191.41,0.84629,0.70809,1.22425,0.95818,0.94754,0.98001,0.8659,0.57024,0.32213,0.9591,0.000221083,0.000221083,0.000221083
95,8464.1,0.83532,0.70744,1.22088,0.95578,0.95008,0.97948,0.86537,0.57142,0.32388,0.96381,0.000220234,0.000220234,0.000220234
96,8736.05,0.82667,0.6887,1.2168,0.95482,0.9488,0.97868,0.86821,0.56549,0.32401,0.96115,0.000219386,0.000219386,0.000219386
97,9014.74,0.84427,0.70849,1.22706,0.94657,0.95932,0.97968,0.86616,0.5674,0.32474,0.96025,0.000218537,0.000218537,0.000218537
98,9287.26,0.84182,0.71454,1.22126,0.95574,0.95493,0.97973,0.86758,0.56827,0.32976,0.95784,0.000217689,0.000217689,0.000217689
99,9559.83,0.83146,0.70412,1.21548,0.95246,0.95603,0.97912,0.86601,0.56797,0.32732,0.95733,0.00021684,0.00021684,0.00021684
100,9832.25,0.83182,0.70556,1.21967,0.94858,0.9524,0.97895,0.86547,0.5625,0.32595,0.95736,0.000215991,0.000215991,0.000215991
101,10104.4,0.82704,0.70843,1.21997,0.9474,0.95454,0.97871,0.86607,0.56221,0.32534,0.95823,0.000215143,0.000215143,0.000215143
102,10377.4,0.82511,0.69508,1.21451,0.95232,0.95318,0.97826,0.86465,0.56521,0.32617,0.95763,0.000214294,0.000214294,0.000214294
103,10650.5,0.82448,0.68993,1.20989,0.95842,0.95115,0.97739,0.86294,0.56699,0.32796,0.95686,0.000213446,0.000213446,0.000213446
104,10923.1,0.82213,0.68226,1.21983,0.95579,0.95424,0.97717,0.864,0.56669,0.325,0.95748,0.000212597,0.000212597,0.000212597
105,11195.1,0.82047,0.68431,1.20961,0.95267,0.94823,0.97756,0.86474,0.56276,0.32468,0.95459,0.000211749,0.000211749,0.000211749
106,11466.1,0.82302,0.68388,1.21177,0.94779,0.954,0.97735,0.8662,0.55945,0.32158,0.95101,0.0002109,0.0002109,0.0002109
107,11738.9,0.83109,0.69067,1.21203,0.94561,0.9517,0.97721,0.86537,0.55914,0.32462,0.94924,0.000210051,0.000210051,0.000210051
108,12010,0.84164,0.7087,1.21731,0.95312,0.94607,0.97765,0.86509,0.56259,0.32461,0.94958,0.000209203,0.000209203,0.000209203
109,12281.5,0.83677,0.70202,1.2167,0.96128,0.94216,0.97866,0.86578,0.56292,0.32319,0.94852,0.000208354,0.000208354,0.000208354
110,12554,0.83234,0.70356,1.21854,0.96017,0.94729,0.97925,0.86738,0.55789,0.32116,0.94659,0.000207506,0.000207506,0.000207506
111,12825.3,0.82975,0.70789,1.21974,0.96356,0.94917,0.97925,0.8682,0.55414,0.31787,0.94508,0.000206657,0.000206657,0.000206657
112,13098.1,0.82943,0.68933,1.21915,0.95828,0.94776,0.97933,0.8681,0.55596,0.31639,0.94528,0.000205809,0.000205809,0.000205809
113,13370.4,0.82817,0.69298,1.2119,0.95976,0.95107,0.97912,0.86776,0.55919,0.31687,0.94591,0.00020496,0.00020496,0.00020496
114,13641.9,0.83977,0.70673,1.22136,0.95932,0.95328,0.97895,0.86689,0.55911,0.31354,0.94687,0.000204111,0.000204111,0.000204111
115,13914.2,0.82305,0.69305,1.21559,0.95557,0.95576,0.9789,0.86802,0.56013,0.31283,0.94692,0.000203263,0.000203263,0.000203263
116,14185.5,0.83447,0.70573,1.22023,0.95901,0.95426,0.97866,0.86824,0.55909,0.31209,0.94735,0.000202414,0.000202414,0.000202414
117,14456.8,0.82131,0.68174,1.20853,0.94967,0.96298,0.97824,0.86941,0.55636,0.30993,0.94723,0.000201566,0.000201566,0.000201566
118,14731.7,0.81025,0.67052,1.20273,0.9561,0.9589,0.97873,0.86948,0.55547,0.31113,0.94756,0.000200717,0.000200717,0.000200717
119,15004,0.81122,0.66786,1.20472,0.95511,0.95994,0.97984,0.87218,0.5516,0.3105,0.94625,0.000199869,0.000199869,0.000199869
120,260.687,0.77618,0.62881,1.18353,0.95169,0.95997,0.97981,0.87142,0.55639,0.3115,0.94905,0.00019902,0.00019902,0.00019902
121,522.899,0.79072,0.64514,1.18777,0.94937,0.96125,0.97933,0.87154,0.55654,0.31258,0.94797,0.000198171,0.000198171,0.000198171
122,784.9,0.79091,0.65476,1.19435,0.95004,0.96187,0.97957,0.87134,0.55642,0.31308,0.94752,0.000197323,0.000197323,0.000197323
123,1046.21,0.78876,0.6482,1.19194,0.96045,0.94944,0.97973,0.87188,0.55471,0.31327,0.9476,0.000196474,0.000196474,0.000196474
124,1307.13,0.78996,0.64825,1.18862,0.96349,0.94765,0.97962,0.87156,0.55477,0.31262,0.9469,0.000195626,0.000195626,0.000195626
125,1568.14,0.78448,0.6345,1.18282,0.96236,0.94731,0.9796,0.8724,0.55307,0.3127,0.94554,0.000194777,0.000194777,0.000194777
126,1835.6,0.78788,0.64584,1.18881,0.96474,0.94687,0.97924,0.87383,0.55232,0.31257,0.94491,0.000193929,0.000193929,0.000193929
127,2097.45,0.78102,0.64848,1.19197,0.96301,0.94873,0.97909,0.87331,0.55035,0.31245,0.94513,0.00019308,0.00019308,0.00019308
128,2358.85,0.7728,0.6312,1.17764,0.9653,0.94588,0.97934,0.87463,0.5507,0.31113,0.94509,0.000192231,0.000192231,0.000192231
129,2623.66,0.7825,0.64067,1.18342,0.964,0.94937,0.97866,0.87491,0.55139,0.31058,0.94499,0.000191383,0.000191383,0.000191383
130,2885.78,0.77853,0.63982,1.18481,0.96454,0.94785,0.97893,0.87524,0.55036,0.30963,0.94489,0.000190534,0.000190534,0.000190534
131,3151.24,0.77364,0.62676,1.1789,0.95854,0.95062,0.97893,0.87476,0.55083,0.30959,0.9456,0.000189686,0.000189686,0.000189686
132,3411.69,0.77134,0.64046,1.18311,0.9645,0.94721,0.97864,0.87421,0.54911,0.30799,0.94521,0.000188837,0.000188837,0.000188837
133,3672.28,0.77219,0.6268,1.18083,0.9646,0.94622,0.97882,0.87515,0.5486,0.3074,0.94529,0.000187989,0.000187989,0.000187989
134,3933.09,0.77425,0.63105,1.17817,0.95141,0.95879,0.97944,0.87525,0.54739,0.30496,0.94513,0.00018714,0.00018714,0.00018714
135,4194.42,0.77169,0.62587,1.17456,0.95405,0.95829,0.98004,0.87586,0.54718,0.30509,0.94579,0.000186291,0.000186291,0.000186291
136,4458.49,0.76337,0.61457,1.17014,0.96351,0.94822,0.98002,0.87604,0.54764,0.30431,0.94673,0.000185443,0.000185443,0.000185443
137,4724.32,0.76441,0.61513,1.16893,0.96334,0.95129,0.98026,0.87616,0.54794,0.30389,0.94716,0.000184594,0.000184594,0.000184594
138,4992.23,0.76418,0.62137,1.17601,0.96554,0.94692,0.98033,0.87476,0.54861,0.3041,0.94795,0.000183746,0.000183746,0.000183746
139,5253.72,0.76408,0.61775,1.17852,0.96047,0.95293,0.98015,0.87546,0.54822,0.30293,0.94827,0.000182897,0.000182897,0.000182897
140,5515.02,0.75557,0.61079,1.17125,0.9593,0.95391,0.97992,0.87626,0.54805,0.30262,0.94834,0.000182049,0.000182049,0.000182049
141,5779.83,0.75138,0.60136,1.16396,0.96048,0.95202,0.97974,0.87645,0.5473,0.30254,0.94816,0.0001812,0.0001812,0.0001812
142,259.645,0.68922,0.53794,1.12572,0.9594,0.95427,0.98015,0.87701,0.54741,0.30259,0.94794,0.000180351,0.000180351,0.000180351
143,527.972,0.70848,0.55982,1.1379,0.96048,0.95243,0.98005,0.87692,0.54749,0.30348,0.94757,0.000179503,0.000179503,0.000179503
144,790.563,0.71959,0.57789,1.14764,0.96414,0.94962,0.98029,0.87708,0.54754,0.30444,0.94724,0.000178654,0.000178654,0.000178654
145,1053.08,0.71516,0.57193,1.14523,0.96569,0.94834,0.98009,0.87675,0.54748,0.30405,0.94684,0.000177806,0.000177806,0.000177806
146,1314.85,0.72114,0.5741,1.14567,0.96561,0.94971,0.98039,0.87698,0.54721,0.30449,0.94663,0.000176957,0.000176957,0.000176957
147,1576.77,0.71918,0.56943,1.14546,0.96374,0.94985,0.98034,0.87621,0.54675,0.30405,0.94649,0.000176109,0.000176109,0.000176109
148,1839.52,0.72402,0.58145,1.14659,0.96374,0.9494,0.98021,0.8761,0.54634,0.30278,0.9464,0.00017526,0.00017526,0.00017526
149,2101.84,0.728,0.58754,1.15435,0.96458,0.94969,0.98028,0.8759,0.54571,0.30298,0.9462,0.000174411,0.000174411,0.000174411
150,2363.68,0.71962,0.57586,1.14466,0.96369,0.95055,0.97989,0.87611,0.54573,0.30248,0.94608,0.000173563,0.000173563,0.000173563
151,266.183,0.64331,0.49979,1.10664,0.96378,0.95034,0.98004,0.87627,0.54578,0.30265,0.94619,0.000172714,0.000172714,0.000172714
152,536.083,0.67515,0.52977,1.1216,0.96312,0.95034,0.98003,0.87599,0.5463,0.30252,0.94658,0.000171866,0.000171866,0.000171866
153,806.201,0.69246,0.55076,1.12925,0.96323,0.94977,0.97965,0.8763,0.54632,0.3026,0.94675,0.000171017,0.000171017,0.000171017
154,1076.55,0.69626,0.54982,1.13404,0.96365,0.9501,0.9797,0.87662,0.54629,0.30219,0.94711,0.000170169,0.000170169,0.000170169
155,1345.62,0.70081,0.55815,1.13384,0.96366,0.94956,0.97957,0.87626,0.54571,0.30234,0.94688,0.00016932,0.00016932,0.00016932
156,1615.36,0.7063,0.55641,1.13405,0.96488,0.94961,0.97955,0.87643,0.54555,0.30283,0.9471,0.000168471,0.000168471,0.000168471
157,1883.22,0.71696,0.57435,1.1445,0.96432,0.94822,0.9795,0.87636,0.5455,0.3033,0.94749,0.000167623,0.000167623,0.000167623
158,2152.26,0.72011,0.58144,1.15014,0.96403,0.9477,0.97945,0.87626,0.54494,0.30275,0.9472,0.000166774,0.000166774,0.000166774
159,2419.57,0.70348,0.55968,1.1312,0.96416,0.94904,0.9794,0.87636,0.54504,0.30287,0.94684,0.000165926,0.000165926,0.000165926
160,2688.14,0.73458,0.5821,1.1506,0.96403,0.94941,0.97888,0.87621,0.54522,0.30223,0.94664,0.000165077,0.000165077,0.000165077
161,2956.37,0.72901,0.58725,1.1519,0.9642,0.9499,0.9789,0.87671,0.54515,0.30217,0.94682,0.000164229,0.000164229,0.000164229
162,3225.15,0.72722,0.5796,1.14318,0.96395,0.95021,0.97884,0.87683,0.54597,0.3018,0.94773,0.00016338,0.00016338,0.00016338
163,3493.62,0.73103,0.59475,1.14784,0.96464,0.94989,0.97917,0.87677,0.54668,0.30074,0.94867,0.000162531,0.000162531,0.000162531
164,3761.72,0.73093,0.58352,1.14946,0.96572,0.94985,0.97899,0.87651,0.54667,0.3004,0.94945,0.000161683,0.000161683,0.000161683
165,4029.86,0.73564,0.59182,1.15424,0.9656,0.94994,0.97899,0.8759,0.547,0.29927,0.94962,0.000160834,0.000160834,0.000160834
166,4298.09,0.73626,0.5909,1.16011,0.96462,0.94986,0.97896,0.87533,0.54646,0.29921,0.94958,0.000159986,0.000159986,0.000159986
167,4580.92,0.73307,0.58384,1.15414,0.96533,0.95056,0.97932,0.87633,0.54631,0.29943,0.94965,0.000159137,0.000159137,0.000159137
168,4850.51,0.73621,0.58821,1.15557,0.9649,0.95191,0.97951,0.87589,0.54631,0.29854,0.94976,0.000158289,0.000158289,0.000158289
169,5118.73,0.73809,0.59415,1.15678,0.96446,0.95257,0.97963,0.87632,0.54651,0.29879,0.94988,0.00015744,0.00015744,0.00015744
170,5386.91,0.74213,0.59072,1.15785,0.96446,0.95252,0.97981,0.87647,0.54641,0.29819,0.94984,0.000156591,0.000156591,0.000156591
171,5655.14,0.7389,0.59051,1.15635,0.96359,0.95185,0.97987,0.87671,0.5468,0.29802,0.94995,0.000155743,0.000155743,0.000155743
172,91.045,0.70618,0.54853,1.10589,0.96367,0.95171,0.9799,0.87693,0.54371,0.29571,0.94714,0.000154894,0.000154894,0.000154894
173,186.868,0.69371,0.53497,1.0999,0.96314,0.95244,0.97994,0.87683,0.54379,0.29552,0.94704,0.000154046,0.000154046,0.000154046
174,281.768,0.70975,0.55885,1.11151,0.96341,0.95222,0.97992,0.87687,0.54358,0.29551,0.94689,0.000153197,0.000153197,0.000153197
175,377.213,0.70303,0.54967,1.09945,0.96349,0.95202,0.97973,0.87694,0.54359,0.29513,0.94676,0.000152349,0.000152349,0.000152349
176,472.091,0.68863,0.55691,1.10246,0.96446,0.95212,0.9797,0.87682,0.54355,0.29532,0.94679,0.0001515,0.0001515,0.0001515
177,567.14,0.69793,0.55982,1.10261,0.96457,0.95204,0.97971,0.87696,0.54345,0.29499,0.94675,0.000150651,0.000150651,0.000150651
178,661.961,0.69946,0.55826,1.10609,0.96374,0.95185,0.97964,0.87681,0.54348,0.29468,0.94667,0.000149803,0.000149803,0.000149803
179,757.473,0.68824,0.55097,1.09717,0.96387,0.95178,0.97969,0.87671,0.54335,0.2948,0.94663,0.000148954,0.000148954,0.000148954
180,852.437,0.70238,0.56388,1.10515,0.96364,0.9519,0.97968,0.877,0.54353,0.29471,0.94658,0.000148106,0.000148106,0.000148106
181,947.684,0.68749,0.54207,1.09879,0.9645,0.95214,0.97973,0.87747,0.54323,0.29471,0.94642,0.000147257,0.000147257,0.000147257
182,1050.62,0.68604,0.53726,1.10065,0.96443,0.9521,0.97986,0.87756,0.54339,0.29503,0.9465,0.000146409,0.000146409,0.000146409
183,1146.35,0.71129,0.56784,1.11886,0.96443,0.95211,0.97986,0.87736,0.54343,0.29502,0.94654,0.00014556,0.00014556,0.00014556
184,1241.34,0.69075,0.55233,1.10514,0.96433,0.95222,0.97989,0.87762,0.54361,0.29534,0.94656,0.000144711,0.000144711,0.000144711
185,1337.01,0.68525,0.54142,1.09688,0.96425,0.95222,0.97991,0.87782,0.54355,0.29522,0.94662,0.000143863,0.000143863,0.000143863
186,1432.45,0.69,0.55521,1.09348,0.96417,0.95218,0.97982,0.87843,0.54356,0.29525,0.9466,0.000143014,0.000143014,0.000143014
187,1529.22,0.67964,0.5305,1.09649,0.96427,0.95213,0.97981,0.87857,0.54348,0.29524,0.94659,0.000142166,0.000142166,0.000142166
188,1625.15,0.68173,0.54877,1.09895,0.9641,0.95223,0.97981,0.87872,0.54339,0.29489,0.94648,0.000141317,0.000141317,0.000141317
189,1720.71,0.67987,0.5358,1.09001,0.96373,0.95102,0.97966,0.87832,0.54329,0.29496,0.94648,0.000140469,0.000140469,0.000140469
190,1815.49,0.68133,0.53743,1.0981,0.96374,0.95102,0.97974,0.87853,0.54321,0.2951,0.94648,0.00013962,0.00013962,0.00013962
191,1910.04,0.67304,0.53776,1.08936,0.9633,0.9513,0.97965,0.87849,0.54306,0.29488,0.94628,0.000138771,0.000138771,0.000138771
192,2005.24,0.66315,0.52247,1.08183,0.9629,0.95122,0.97964,0.87824,0.5431,0.29453,0.94632,0.000137923,0.000137923,0.000137923
193,2099.7,0.67384,0.53508,1.08898,0.96297,0.9511,0.97967,0.87858,0.54311,0.29459,0.94631,0.000137074,0.000137074,0.000137074
194,2193.22,0.67686,0.54409,1.08602,0.96377,0.95173,0.97976,0.87832,0.54327,0.29441,0.94627,0.000136226,0.000136226,0.000136226
195,2286.86,0.66154,0.51519,1.08228,0.96385,0.95179,0.97986,0.87804,0.54355,0.29432,0.94649,0.000135377,0.000135377,0.000135377
196,2380.29,0.66902,0.53433,1.08622,0.96365,0.95179,0.97985,0.87801,0.54348,0.29451,0.94648,0.000134529,0.000134529,0.000134529
197,2473.66,0.66842,0.53021,1.08905,0.96376,0.95298,0.97995,0.8777,0.54338,0.29409,0.94631,0.00013368,0.00013368,0.00013368
198,2568.8,0.67231,0.54575,1.08682,0.96389,0.95285,0.98003,0.87838,0.54335,0.29339,0.94637,0.000132831,0.000132831,0.000132831
199,2663.42,0.66349,0.53012,1.08933,0.96403,0.95268,0.98014,0.87869,0.54349,0.29293,0.94636,0.000131983,0.000131983,0.000131983
200,2758.87,0.66736,0.52352,1.08953,0.96364,0.95148,0.98003,0.87864,0.5435,0.29256,0.94637,0.000131134,0.000131134,0.000131134
201,2853.57,0.65971,0.54071,1.08587,0.96422,0.95263,0.98013,0.87841,0.54347,0.29227,0.94644,0.000130286,0.000130286,0.000130286
202,2948.58,0.66828,0.52509,1.08541,0.96365,0.95152,0.98005,0.87774,0.54348,0.29206,0.94641,0.000129437,0.000129437,0.000129437
203,3043.34,0.66699,0.5251,1.07939,0.96418,0.95265,0.98016,0.87792,0.54347,0.29196,0.94642,0.000128589,0.000128589,0.000128589
204,3138.56,0.65889,0.53526,1.08448,0.96429,0.9526,0.98016,0.87804,0.54336,0.29224,0.94633,0.00012774,0.00012774,0.00012774
205,3233.64,0.66789,0.52967,1.08014,0.96406,0.95273,0.98017,0.87772,0.54336,0.29232,0.94623,0.000126891,0.000126891,0.000126891
206,3328.49,0.6661,0.52661,1.08619,0.96379,0.95101,0.97997,0.87745,0.54335,0.29187,0.94616,0.000126043,0.000126043,0.000126043
207,3423.4,0.66575,0.53217,1.08453,0.96373,0.9499,0.97973,0.8774,0.54324,0.29179,0.94609,0.000125194,0.000125194,0.000125194
208,3518.13,0.65442,0.52685,1.08304,0.96425,0.94999,0.97975,0.87739,0.54316,0.29145,0.94603,0.000124346,0.000124346,0.000124346
209,3613.3,0.6551,0.5303,1.09196,0.96422,0.94996,0.97983,0.87749,0.54322,0.29141,0.94599,0.000123497,0.000123497,0.000123497
210,3707.95,0.64215,0.50601,1.07201,0.96477,0.95112,0.97989,0.87771,0.54324,0.29116,0.94587,0.000122649,0.000122649,0.000122649
211,3802.83,0.65895,0.5115,1.08132,0.96428,0.94974,0.97978,0.87752,0.54323,0.29128,0.94588,0.0001218,0.0001218,0.0001218
212,3897.99,0.64715,0.50432,1.07527,0.96488,0.95097,0.97994,0.87751,0.54321,0.29148,0.94579,0.000120951,0.000120951,0.000120951
213,3992.59,0.6588,0.51307,1.07599,0.96479,0.951,0.98012,0.87789,0.54325,0.29134,0.94569,0.000120103,0.000120103,0.000120103
214,4087.95,0.66177,0.53223,1.07883,0.96397,0.95239,0.98017,0.87773,0.54314,0.29159,0.94558,0.000119254,0.000119254,0.000119254
